0x41head <aryangiroud@gmail.com>
A03ki <a03ki04@gmail.com>
Aki <44111084+A03ki@users.noreply.github.com>
Aki <a03ki04@gmail.com>
Akihiro Nitta <20610905+akihironitta@users.noreply.github.com>
Akihiro Nitta <nitta@akihironitta.com>
Alexander Knieps <alexanderrobom@web.de>
Anes Benmerzoug <Anes.Benmerzoug@gmail.com>
AnesBenmerzoug <Anes.Benmerzoug@gmail.com>
Antonin RAFFIN <antonin.raffin@ensta.org>
Aris Liang Yi <arisliang@navig8group.com>
Arpit Khandelwal <60464796+arpitkh101@users.noreply.github.com>
Arpit Khandelwal <arpit5khandelwal@gmail.com>
Aryan <aryangiroud@Gmail.com>
Aryan Prasad <53595853+0x41head@users.noreply.github.com>
Ayaka Tanabe <t1820018@edu.cc.uec.ac.jp>
Cheng Huzi <tigeraus@icloud.com>
Chris Hoyean Song <sjhshy@gmail.com>
Chris Song <chris@uintel.ai>
Crissman <crissman@preferred.jp>
Crissman Loomis <crissman@preferred.jp>
Daiki Katsuragawa <50144563+daikikatsuragawa@users.noreply.github.com>
Daniel Salinas <daniel@occamzrazor.com>
David Van Loon <david@vanloon.family>
Devin Robison <drobison00@users.noreply.github.com>
Devin Robison <drobison@nvidia.com>
Dmitry <130ndim@gmail.com>
Dmitry Lipin <dimich3d@ya.ru>
GitHub <noreply@github.com>
GitHub Enterprise <is+noreply@preferred.jp>
Harutaka Kawamura <hkawamura0130@gmail.com>
Henry Cui <z.henry.cui@gmail.com>
Hervé BREDIN <hbredin@users.noreply.github.com>
Hideaki Imamura <38826298+HideakiImamura@users.noreply.github.com>
HideakiImamura <gohome.x105.gn@gmail.com>
HideakiImamura <imamura@ms.k.u-tokyo.ac.jp>
Hideto Ueno <uenoku.tokotoko@gmail.com>
HirokiNishimoto <45329678+HirokiNishimoto@users.noreply.github.com>
HirokiNishimoto <shozemi.nishimoto@gmail.com>
Hirotaka Suetake <suehiro619@gmail.com>
Hiroyuki Vincent Yamazaki <hiroyuki.vincent.yamazaki@gmail.com>
Horace He <horacehe2007@yahoo.com>
Hugo <hugovk@users.noreply.github.com>
Huzi Cheng <tigeraus@icloud.com>
Jeetu Kumar <66921514+i-am-jeetu@users.noreply.github.com>
Jeff Yang <ydcjeff@outlook.com>
Junki Ishikawa <69guitar1015@gmail.com>
Junnosuke Kuroda <kurodaju@amazon.com>
Jyot <makadiyajyot2121@gmail.com>
Jyot Makadiya <makadiyajyot2121@gmail.com>
Kei Ishikawa <30857855+kstoneriv3@users.noreply.github.com>
Kei Ishikawa <k.stoneriv3@gmail.com>
Keita Oda <oda@preferred.jp>
Kento Nozawa <k_nzw@klis.tsukuba.ac.jp>
Kohei Morita <yosupo06@gmail.com>
Kohei Ozaki <eowner@gmail.com>
Kohei Ozaki <ozaki@preferred.jp>
Koki Nishihara <snkg2450@gmail.com>
KoyamaSohei <koyamaso0309@gmail.com>
Makoto Hiramatsu <himkt@cookpad.com>
Makoto Hiramatsu <himkt@klis.tsukuba.ac.jp>
Manoj Mohan <manoj.mohan@abc.com>
Mario Ishac <mario.ishac@gmail.com>
Martín Villanueva <nallivam@gmail.com>
Masaki Kozuki <masaki-kozuki@g.ecc.u-tokyo.ac.jp>
Masaki Kozuki <masaki.kozuki.2014@gmail.com>
Masaki Kozuki <masakikozuki@crcrpar.local>
Masashi SHIBATA <c-bata@users.noreply.github.com>
Muragaruhae <kanabuuch@icloud.com>
Nanthini Balasubramanian <nanthini.b@hotmail.com>
Nanthini Balasubramanian <nathanb@nvidia.com>
Naoto Mizuno <gobou522@gmail.com>
Naoto Mizuno <naotomizuno@preferred.jp>
Norihito Ishida <46351322+norihitoishida@users.noreply.github.com>
OMOTO Tsukasa <tsukasa@oomo.to>
OkXgen <kengo-phoenix@g.ecc.u-tokyo.ac.jp>
Pablo Delgado <pdelgado@netflix.com>
Parsiad Azimzadeh <parsiad.azimzadeh@gmail.com>
Philip May <eniak.info@gmail.com>
PhilipMay <eniak.info@gmail.com>
Rishav Chourasia <rishav.chourasia@gmail.com>
Rishav1 <rishav.chourasia@gmail.com>
Roman Tezikov <roman.tezikov@lamoda.ru>
Roman Tezikov <tez.romach@gmail.com>
Ross Brodbeck <hross@users.noreply.github.com>
RossyWhite <daikishiroi@gmail.com>
Ryo Soga <pub.ryo.soga@gmail.com>
Sergey Kolesnikov <scitator@gmail.com>
Seungjae Ryan Lee <seungjaeryanlee@gmail.com>
Shinopea <shinohara.yoshiaki@bcg.com>
Shintarou Okada <kokuzen@gmail.com>
Shotaro Ishihara <upura0@gmail.com>
Shotaro Sano <g-votte@users.noreply.github.com>
Shotaro Sano <s.g.votte@gmail.com>
Shotaro Sano <sano@preferred.jp>
Shuhei Fujiwara <shuhei.fujiwara@gmail.com>
Srijan Saurav <68371686+srijan-deepsource@users.noreply.github.com>
Srijan Saurav <srijan@deepsource.io>
Stephane Couvreur <stephane.couvreur.sueron@gmail.com>
Takeru Ohta <phjgt308@gmail.com>
Takumi Ishikawa <takumiishikawa94@gmail.com>
Takuya Akiba <469803+iwiwi@users.noreply.github.com>
Takuya Akiba <akiba@preferred.jp>
Takuya Akiba <t.akiba.65536@gmail.com>
Tan Tran <tankimtran@gmail.com>
Tianqi Xu <tianqi@preferred.jp>
Tim Wolff-Piggott <twolffpiggott@gmail.com>
Toshihiko Yanase <toshihiko.yanase@gmail.com>
Vamshi Teja <rachavamshiteja@gmail.com>
VamshiTeja <vamshitejar@gmail.com>
Victor <hal-314@users.noreply.github.com>
Victor Melo <victorhcmelo@gmail.com>
Vlad Skripniuk <skripniuk.v@yandex.ru>
Vladislav Skripniuk <skripniuk.v@yandex.ru>
Y-oHr-N <kon.y.ohr.n@gmail.com>
Yasuyuki YAMADA <yasuyuki.ymd@gmail.com>
Yohei <>
Yoshihiko Ozaki <30489874+y0z@users.noreply.github.com>
Yu Ohori <yohori@M15013.local>
Yusuke Tsuzuku <ytsmiling@gmail.com>
Yusuke Tsuzuku <ytsmiling@users.noreply.github.com>
Yuta Hinokuma <higumachan@users.noreply.github.com>
Yuta Kanzawa <ytknzw@gmail.com>
Yuta Okamoto <okapies@gmail.com>
YutaYamazaki <37947061+yutayamazaki@users.noreply.github.com>
Yuu Jinnai <ddyuudd@gmail.com>
Zach Dwiel <zdwiel@gmail.com>
barneyhill <barneyhill1@gmail.com>
bigbird555 <kengo-phoenix@g.ecc.u-tokyo.ac.jp>
c-bata <contact@c-bata.link>
carefree0910 <syameimaru_kurumi@pku.edu.cn>
crcrpar <masaki.kozuki.2014@gmail.com>
dima <dimich3d@ya.ru>
djKooks <inylove82@gmail.com>
festeh <dimich3d@ya.ru>
fis <jm.yuan@outlook.com>
fsmosca <fsmosca@users.noreply.github.com>
gasin <gasinsato@gmail.com>
gorogoroumaru <force.minpiku@gmail.com>
hal-314 <hal-314@users.noreply.github.com>
harupy <17039389+harupy@users.noreply.github.com>
harupy <hkawamura0130@gmail.com>
hayata-yamamoto <hayata.pri.yamamoto@gmail.com>
hayata-yamamoto <hayata.yamamoto.work@gmail.com>
hayata-yamamoto <hayata.yamamoto@es.rarejob.com>
higumachan <harekumo792154@gmail.com>
himkt <himkt@cookpad.com>
himkt <himkt@klis.tsukuba.ac.jp>
hirano <hirano@preferred.jp>
hvy <hiroyuki.vincent.yamazaki@gmail.com>
iamshnoo <mukherjee.anjishnu@gmail.com>
justanothercsguy <zishiwu123@gmail.com>
keisuke umezawa <keisuke-umezawa@users.noreply.github.com>
keisuke-umezawa <keisuke.umezawa@gmail.com>
kstoneriv3 <k.stoneriv3@gmail.com>
kstoneriv3 <k.stoneriv@gmail.com>
kuroko1t <kurosawa.yk@gmail.com>
momijiame <amedama.ginmokusei@gmail.com>
mottodora <mottodora@gmail.com>
nmasahiro <masahironomura5325@gmail.com>
norihitoishida <norihitoishida@gmail.com>
nuka <n.a.sch137@gmail.com>
nuka137 <n.a.sch137@gmail.com>
nyanhi <63458275+nyanhi@users.noreply.github.com>
nyanhi <ksuzuki19937.mm@gmail.com>
oda <ainsophyao@gmail.com>
okada shintarou <okada@preferred.jp>
pablete <pablete@gmail.com>
pbmstrk <pbmstrk@users.noreply.github.com>
r-soga <55010847+r-soga@users.noreply.github.com>
resnant <resnant@outlook.jp>
ritvik1512 <ritvik@outlook.com>
sano <sano@preferred.jp>
sfujiwara <shuhei.fujiwara@gmail.com>
skarkhanis <karkhanis.sandeep@gmail.com>
smly <eowner@gmail.com>
suecharo <suehiro619@gmail.com>
takeru <tkrkrhr@gmail.com>
td <thino168@gmail.com>
tmartins <thigm85@gmail.com>
tohmae <t.ohmae.nx01@gmail.com>
upura <upura0@gmail.com>
vincent <vincent@preferred.jp>
wangxin0716 <7292071+wangxin0716@users.noreply.github.com>
y0z <yozakib@gmail.com>
yasuyuky <yasuyuki.ymd@gmail.com>
yohei <>
ytknzw <ytknzw@gmail.com>
yuk1ty <yuki.mul.tiplus@gmail.com>
yutayamazaki <tppymd@gmail.com>
